id	cap_n	cap_m
layout.grid	1000	4000
layout.tree.tidy	1000	4000
layout.treemap.squarified	1000	4000
layout.circular.radial	1000	4000
layout.packing.circle	1000	4000
layout.spectral	700	2800
layout.mds.pivot	1000	4000
layout.force.barnes_hut	1000	4000
layout.forceatlas2	1000	4000
layout.dag.sugiyama	1000	4000
layout.random	1000	4000
layout.circular.ring	1000	4000
layout.spiral	1000	4000
layout.bipartite	1000	4000
layout.force.yifan_hu	1000	4000
layout.force.fruchterman_reingold	1000	4000
layout.force.kamada_kawai	1000	4000
layout.force.graphopt	1000	4000
layout.force.davidson_harel	500	2000
layout.force.lgl	1000	4000
layout.force.drl	1000	4000
layout.twopi	1000	4000
layout.packing.osage	1000	4000
layout.force.spring	1000	4000
layout.circular.hierarchy	1000	4000
layout.circular.circo	1000	4000
layout.treemap.patchwork	1000	4000
layout.force.neato	1000	4000
layout.force.fdp	1000	4000
layout.basic3d.sphere	1000	4000
layout.basic3d.helix	1000	4000
layout.basic3d.cube	1000	4000
layout.hierarchical3d	1000	4000
layout.force.spring3d	1000	4000
layout.force.sfdp	1000	4000
layout.forceatlas2.barnes_hut	1000	4000
layout.bipartite_3d	1000	4000
layout.basic3d.spiral	1000	4000
layout.force.particle_mesh	1000	4000
post.bundle.fdeb	1000	4000
post.bundle.mingle	1000	3000
post.route.grid	1000	4000
post.style.straight	1000	4000
post.style.orthogonal	1000	4000
post.style.quadratic	1000	4000
post.style.bezier	1000	4000
post.separate.grid	1000	4000
